Time_ns,V,I,Wfm4
0.0000,0.18772628,0.14058100,0.29011615
50.0000,0.18806628,0.12058100,0.29011615
100.0000,0.18908628,0.06058100,0.29011615
150.0000,0.18806628,0.12058100,0.29011615
200.0000,0.18840628,0.10058100,0.29011615
250.0000,0.18840628,0.10058100,0.29011615
300.0000,0.18806628,0.12058100,0.29011615
350.0000,0.18806628,0.12058100,0.29011615
400.0000,0.18806628,0.12058100,0.29011615
450.0000,0.18806628,0.12058100,0.29011615
500.0000,0.18840628,0.10058100,0.29011615
550.0000,0.18772628,0.14058100,0.29011615
600.0000,0.18772628,0.14058100,0.29011615
650.0000,0.18806628,0.12058100,0.29011615
700.0000,0.18874628,0.08058100,0.29011615
750.0000,0.18772628,0.14058100,0.29011615
800.0000,0.18772628,0.14058100,0.29011615
850.0000,0.18874628,0.08058100,0.29011615
900.0000,0.18874628,0.08058100,0.29011615
950.0000,0.18874628,0.08058100,0.29011615
1000.0000,0.18874628,0.08058100,0.29011615
1050.0000,0.18806628,0.12058100,0.29011615
1100.0000,0.18806628,0.12058100,0.29011615
1150.0000,0.18806628,0.12058100,0.29011615
1200.0000,0.18806628,0.12058100,0.29011615
1250.0000,0.18738628,0.16058100,0.29011615
1300.0000,0.18840628,0.10058100,0.29011615
1350.0000,0.18840628,0.10058100,0.29011615
1400.0000,0.18806628,0.12058100,0.29011615
1450.0000,0.18806628,0.12058100,0.29011615
1500.0000,0.18772628,0.14058100,0.29011615
1550.0000,0.18840628,0.10058100,0.29011615
1600.0000,0.18772628,0.14058100,0.29011615
1650.0000,0.18806628,0.12058100,0.29011615
1700.0000,0.18806628,0.12058100,0.29011615
1750.0000,0.18806628,0.12058100,0.29011615
1800.0000,0.18806628,0.12058100,0.29011615
1850.0000,0.18806628,0.12058100,0.29011615
1900.0000,0.18874628,0.08058100,0.29011615
1950.0000,0.18806628,0.12058100,0.29011615
2000.0000,0.18840628,0.10058100,0.29011615
2050.0000,0.18840628,0.10058100,0.29011615
2100.0000,0.18772628,0.14058100,0.29011615
2150.0000,0.18806628,0.12058100,0.29011615
2200.0000,0.18840628,0.10058100,0.29011615
2250.0000,0.18772628,0.14058100,0.29011615
2300.0000,0.18772628,0.14058100,0.29011615
2350.0000,0.18772628,0.14058100,0.29011615
2400.0000,0.18806628,0.12058100,0.29011615
2450.0000,0.18806628,0.12058100,0.29011615
2500.0000,0.18806628,0.12058100,0.29011615
2550.0000,0.18772628,0.14058100,0.29011615
2600.0000,0.18806628,0.12058100,0.29011615
2650.0000,0.18806628,0.12058100,0.29011615
2700.0000,0.18806628,0.12058100,0.29011615
2750.0000,0.18806628,0.12058100,0.29011615
2800.0000,0.18772628,0.14058100,0.29011615
2850.0000,0.18840628,0.10058100,0.29011615
2900.0000,0.18806628,0.12058100,0.29011615
2950.0000,0.18806628,0.12058100,0.29011615
3000.0000,0.18840628,0.10058100,0.29011615
3050.0000,0.18806628,0.12058100,0.29011615
3100.0000,0.18874628,0.08058100,0.29011615
3150.0000,0.18772628,0.14058100,0.29011615
3200.0000,0.18806628,0.12058100,0.29011615
3250.0000,0.18738628,0.16058100,0.29011615
3300.0000,0.18806628,0.12058100,0.29011615
3350.0000,0.18874628,0.08058100,0.29011615
3400.0000,0.18806628,0.12058100,0.29011615
3450.0000,0.18806628,0.12058100,0.29011615
3500.0000,0.18772628,0.14058100,0.29011615
3550.0000,0.18806628,0.12058100,0.29011615
3600.0000,0.18806628,0.12058100,0.29011615
3650.0000,0.18772628,0.14058100,0.29011615
3700.0000,0.18840628,0.10058100,0.29011615
3750.0000,0.18840628,0.10058100,0.29011615
3800.0000,0.18840628,0.10058100,0.29011615
3850.0000,0.18772628,0.14058100,0.29011615
3900.0000,0.18772628,0.14058100,0.29011615
3950.0000,0.18840628,0.10058100,0.29011615
4000.0000,0.18806628,0.12058100,0.29011615
4050.0000,0.18806628,0.12058100,0.29011615
4100.0000,0.18840628,0.10058100,0.29011615
4150.0000,0.18840628,0.10058100,0.29011615
4200.0000,0.18806628,0.12058100,0.29011615
4250.0000,0.18772628,0.14058100,0.29011615
4300.0000,0.18840628,0.10058100,0.29011615
4350.0000,0.18772628,0.14058100,0.29011615
4400.0000,0.18806628,0.12058100,0.29011615
4450.0000,0.18772628,0.14058100,0.29011615
4500.0000,0.18772628,0.14058100,0.29011615
4550.0000,0.18806628,0.12058100,0.29011615
4600.0000,0.18806628,0.12058100,0.29011615
4650.0000,0.18874628,0.08058100,0.29011615
4700.0000,0.18806628,0.12058100,0.29011615
4750.0000,0.18840628,0.10058100,0.29011615
4800.0000,0.18806628,0.12058100,0.29011615
4850.0000,0.18806628,0.12058100,0.29011615
4900.0000,0.18772628,0.14058100,0.29011615
4950.0000,0.18840628,0.10058100,0.29011615
5000.0000,0.18772628,0.14058100,0.29011615
5050.0000,0.18874628,0.08058100,0.29011615
5100.0000,0.18806628,0.12058100,0.29011615
5150.0000,0.18806628,0.12058100,0.29011615
5200.0000,0.18772628,0.14058100,0.29011615
5250.0000,0.18806628,0.12058100,0.29011615
5300.0000,0.18840628,0.10058100,0.29011615
5350.0000,0.18806628,0.12058100,0.29011615
5400.0000,0.18840628,0.10058100,0.29011615
5450.0000,0.18840628,0.10058100,0.29011615
5500.0000,0.18806628,0.12058100,0.29011615
5550.0000,0.18806628,0.12058100,0.29011615
5600.0000,0.18806628,0.12058100,0.29011615
5650.0000,0.18874628,0.08058100,0.29011615
5700.0000,0.18874628,0.08058100,0.29011615
5750.0000,0.18806628,0.12058100,0.29011615
5800.0000,0.18874628,0.08058100,0.29011615
5850.0000,0.18806628,0.12058100,0.29011615
5900.0000,0.18806628,0.12058100,0.29011615
5950.0000,0.18806628,0.12058100,0.29011615
6000.0000,0.18772628,0.14058100,0.29011615
6050.0000,0.18840628,0.10058100,0.29011615
6100.0000,0.18806628,0.12058100,0.29011615
6150.0000,0.18840628,0.10058100,0.29011615
6200.0000,0.18806628,0.12058100,0.29011615
6250.0000,0.18806628,0.12058100,0.29011615
6300.0000,0.18874628,0.08058100,0.29011615
6350.0000,0.18806628,0.12058100,0.29011615
6400.0000,0.18840628,0.10058100,0.29011615
6450.0000,0.18806628,0.12058100,0.29011615
6500.0000,0.18772628,0.14058100,0.29011615
6550.0000,0.18840628,0.10058100,0.29011615
6600.0000,0.18840628,0.10058100,0.29011615
6650.0000,0.18772628,0.14058100,0.29011615
6700.0000,0.18840628,0.10058100,0.29011615
6750.0000,0.18806628,0.12058100,0.29011615
6800.0000,0.18806628,0.12058100,0.29011615
6850.0000,0.18806628,0.12058100,0.29011615
6900.0000,0.18840628,0.10058100,0.29011615
6950.0000,0.18806628,0.12058100,0.29011615
7000.0000,0.18738628,0.16058100,0.29011615
7050.0000,0.18806628,0.12058100,0.29011615
7100.0000,0.18806628,0.12058100,0.29011615
7150.0000,0.18772628,0.14058100,0.29011615
7200.0000,0.18772628,0.14058100,0.29011615
7250.0000,0.18840628,0.10058100,0.29011615
7300.0000,0.18806628,0.12058100,0.29011615
7350.0000,0.18806628,0.12058100,0.29011615
7400.0000,0.18806628,0.12058100,0.29011615
7450.0000,0.18772628,0.14058100,0.29011615
7500.0000,0.18806628,0.12058100,0.29011615
7550.0000,0.18806628,0.12058100,0.29011615
7600.0000,0.18806628,0.12058100,0.29011615
7650.0000,0.18806628,0.12058100,0.29011615
7700.0000,0.18840628,0.10058100,0.29011615
7750.0000,0.18738628,0.16058100,0.29011615
7800.0000,0.39040628,0.10058100,0.49211615
7850.0000,0.18772628,0.14058100,0.29011615
7900.0000,0.59240628,0.10058100,0.69411615
7950.0000,0.59172628,0.14058100,0.69411615
8000.0000,1.60240628,0.10058100,1.70411615
8050.0000,1.80406628,0.12058100,1.90611615
8100.0000,2.61206628,0.12058100,2.71411615
8150.0000,3.82406628,0.12058100,3.92611615
8200.0000,5.23806628,0.12058100,5.34011615
8250.0000,6.65206628,0.12058100,6.75411615
8300.0000,7.66172628,0.14058100,7.76411615
8350.0000,9.27806628,0.12058100,9.38011615
8400.0000,10.89440628,0.10058100,10.99611615
8450.0000,12.71240628,0.10058100,12.81411615
8500.0000,15.13606628,0.12058100,15.23811615
8550.0000,16.95372628,0.14058100,17.05611615
8600.0000,19.37806628,0.12058100,19.48011615
8650.0000,21.19606628,0.12058100,21.29811615
8700.0000,23.82240628,0.10058100,23.92411615
8750.0000,24.22606628,0.12058100,24.32811615
8800.0000,24.22538628,0.16058100,24.32811615
8850.0000,24.22538628,0.16058100,24.32811615
8900.0000,24.42772628,0.14058100,24.53011615
8950.0000,24.22538628,0.16058100,24.32811615
9000.0000,24.42704628,0.18058100,24.53011615
9050.0000,24.02338628,0.16058100,24.12611615
9100.0000,24.42806628,0.12058100,24.53011615
9150.0000,24.22538628,0.16058100,24.32811615
9200.0000,24.02304628,0.18058100,24.12611615
9250.0000,24.42670628,0.20058100,24.53011615
9300.0000,24.02270628,0.20058100,24.12611615
9350.0000,24.42670628,0.20058100,24.53011615
9400.0000,24.42636628,0.22058100,24.53011615
9450.0000,24.22470628,0.20058100,24.32811615
9500.0000,24.42636628,0.22058100,24.53011615
9550.0000,24.42670628,0.20058100,24.53011615
9600.0000,24.42670628,0.20058100,24.53011615
9650.0000,24.42636628,0.22058100,24.53011615
9700.0000,24.42602628,0.24058100,24.53011615
9750.0000,24.42602628,0.24058100,24.53011615
9800.0000,24.62836628,0.22058100,24.73211615
9850.0000,24.42568628,0.26058100,24.53011615
9900.0000,24.42534628,0.28058100,24.53011615
9950.0000,24.42568628,0.26058100,24.53011615
10000.0000,24.42602628,0.24058100,24.53011615
10050.0000,24.42568628,0.26058100,24.53011615
10100.0000,24.42534628,0.28058100,24.53011615
10150.0000,24.42568628,0.26058100,24.53011615
10200.0000,24.42500628,0.30058100,24.53011615
10250.0000,24.42534628,0.28058100,24.53011615
10300.0000,24.42500628,0.30058100,24.53011615
10350.0000,24.22266628,0.32058100,24.32811615
10400.0000,24.62666628,0.32058100,24.73211615
10450.0000,24.62700628,0.30058100,24.73211615
10500.0000,24.42534628,0.28058100,24.53011615
10550.0000,24.62700628,0.30058100,24.73211615
10600.0000,24.62666628,0.32058100,24.73211615
10650.0000,24.62632628,0.34058100,24.73211615
10700.0000,24.42432628,0.34058100,24.53011615
10750.0000,24.22232628,0.34058100,24.32811615
10800.0000,24.42398628,0.36058100,24.53011615
10850.0000,24.62666628,0.32058100,24.73211615
10900.0000,24.42398628,0.36058100,24.53011615
10950.0000,24.42398628,0.36058100,24.53011615
11000.0000,24.42398628,0.36058100,24.53011615
11050.0000,24.42432628,0.34058100,24.53011615
11100.0000,24.42466628,0.32058100,24.53011615
11150.0000,24.62564628,0.38058100,24.73211615
11200.0000,24.62632628,0.34058100,24.73211615
11250.0000,24.42330628,0.40058100,24.53011615
11300.0000,24.62564628,0.38058100,24.73211615
11350.0000,24.42364628,0.38058100,24.53011615
11400.0000,24.62564628,0.38058100,24.73211615
11450.0000,24.62564628,0.38058100,24.73211615
11500.0000,24.82730628,0.40058100,24.93411615
11550.0000,24.62530628,0.40058100,24.73211615
11600.0000,24.62598628,0.36058100,24.73211615
11650.0000,24.62564628,0.38058100,24.73211615
11700.0000,24.42330628,0.40058100,24.53011615
11750.0000,24.62496628,0.42058100,24.73211615
11800.0000,24.42330628,0.40058100,24.53011615
11850.0000,24.42296628,0.42058100,24.53011615
11900.0000,24.62462628,0.44058100,24.73211615
11950.0000,24.42296628,0.42058100,24.53011615
12000.0000,24.42296628,0.42058100,24.53011615
12050.0000,24.82662628,0.44058100,24.93411615
12100.0000,24.62496628,0.42058100,24.73211615
12150.0000,24.42262628,0.44058100,24.53011615
12200.0000,24.62496628,0.42058100,24.73211615
12250.0000,24.62462628,0.44058100,24.73211615
12300.0000,24.82628628,0.46058100,24.93411615
12350.0000,24.82628628,0.46058100,24.93411615
12400.0000,24.82594628,0.48058100,24.93411615
12450.0000,24.62428628,0.46058100,24.73211615
12500.0000,24.62530628,0.40058100,24.73211615
12550.0000,24.62462628,0.44058100,24.73211615
12600.0000,25.02828628,0.46058100,25.13611615
12650.0000,24.82662628,0.44058100,24.93411615
12700.0000,24.62360628,0.50058100,24.73211615
12750.0000,24.62394628,0.48058100,24.73211615
12800.0000,25.02862628,0.44058100,25.13611615
12850.0000,24.82594628,0.48058100,24.93411615
12900.0000,24.62462628,0.44058100,24.73211615
12950.0000,24.62394628,0.48058100,24.73211615
13000.0000,24.82594628,0.48058100,24.93411615
13050.0000,24.82594628,0.48058100,24.93411615
13100.0000,24.62360628,0.50058100,24.73211615
13150.0000,25.02760628,0.50058100,25.13611615
13200.0000,24.82628628,0.46058100,24.93411615
13250.0000,24.82560628,0.50058100,24.93411615
13300.0000,24.82594628,0.48058100,24.93411615
13350.0000,25.02726628,0.52058100,25.13611615
13400.0000,24.82560628,0.50058100,24.93411615
13450.0000,24.62394628,0.48058100,24.73211615
13500.0000,24.62360628,0.50058100,24.73211615
13550.0000,24.82526628,0.52058100,24.93411615
13600.0000,25.02726628,0.52058100,25.13611615
13650.0000,24.82526628,0.52058100,24.93411615
13700.0000,24.82594628,0.48058100,24.93411615
13750.0000,24.62394628,0.48058100,24.73211615
13800.0000,24.82492628,0.54058100,24.93411615
13850.0000,25.02726628,0.52058100,25.13611615
13900.0000,25.02726628,0.52058100,25.13611615
13950.0000,25.02726628,0.52058100,25.13611615
14000.0000,24.82526628,0.52058100,24.93411615
14050.0000,25.02658628,0.56058100,25.13611615
14100.0000,24.82492628,0.54058100,24.93411615
14150.0000,24.62292628,0.54058100,24.73211615
14200.0000,24.82560628,0.50058100,24.93411615
14250.0000,25.02692628,0.54058100,25.13611615
14300.0000,24.82492628,0.54058100,24.93411615
14350.0000,24.82560628,0.50058100,24.93411615
14400.0000,25.02726628,0.52058100,25.13611615
14450.0000,24.82492628,0.54058100,24.93411615
14500.0000,24.62292628,0.54058100,24.73211615
14550.0000,25.02658628,0.56058100,25.13611615
14600.0000,24.82458628,0.56058100,24.93411615
14650.0000,24.82492628,0.54058100,24.93411615
14700.0000,25.22858628,0.56058100,25.33811615
14750.0000,25.02658628,0.56058100,25.13611615
14800.0000,24.82492628,0.54058100,24.93411615
14850.0000,25.02692628,0.54058100,25.13611615
14900.0000,25.22892628,0.54058100,25.33811615
14950.0000,24.62258628,0.56058100,24.73211615
15000.0000,25.02624628,0.58058100,25.13611615
15050.0000,24.62224628,0.58058100,24.73211615
15100.0000,24.62190628,0.60058100,24.73211615
15150.0000,25.02624628,0.58058100,25.13611615
15200.0000,25.22824628,0.58058100,25.33811615
15250.0000,25.02624628,0.58058100,25.13611615
15300.0000,25.02658628,0.56058100,25.13611615
15350.0000,25.22858628,0.56058100,25.33811615
15400.0000,24.82458628,0.56058100,24.93411615
15450.0000,25.02590628,0.60058100,25.13611615
15500.0000,25.02658628,0.56058100,25.13611615
15550.0000,24.82424628,0.58058100,24.93411615
15600.0000,25.02624628,0.58058100,25.13611615
15650.0000,25.02624628,0.58058100,25.13611615
15700.0000,25.02624628,0.58058100,25.13611615
15750.0000,25.22858628,0.56058100,25.33811615
15800.0000,25.02624628,0.58058100,25.13611615
15850.0000,25.02624628,0.58058100,25.13611615
15900.0000,24.82424628,0.58058100,24.93411615
15950.0000,24.82424628,0.58058100,24.93411615
16000.0000,24.82424628,0.58058100,24.93411615
16050.0000,24.62224628,0.58058100,24.73211615
16100.0000,24.82424628,0.58058100,24.93411615
16150.0000,25.22790628,0.60058100,25.33811615
16200.0000,24.82424628,0.58058100,24.93411615
16250.0000,24.82424628,0.58058100,24.93411615
16300.0000,24.82458628,0.56058100,24.93411615
16350.0000,25.22858628,0.56058100,25.33811615
16400.0000,25.02590628,0.60058100,25.13611615
16450.0000,24.82390628,0.60058100,24.93411615
16500.0000,25.02590628,0.60058100,25.13611615
16550.0000,25.22824628,0.58058100,25.33811615
16600.0000,24.82390628,0.60058100,24.93411615
16650.0000,25.02624628,0.58058100,25.13611615
16700.0000,25.02590628,0.60058100,25.13611615
16750.0000,24.82390628,0.60058100,24.93411615
16800.0000,24.82390628,0.60058100,24.93411615
16850.0000,25.02590628,0.60058100,25.13611615
16900.0000,25.02624628,0.58058100,25.13611615
16950.0000,25.02624628,0.58058100,25.13611615
17000.0000,25.02590628,0.60058100,25.13611615
17050.0000,25.02624628,0.58058100,25.13611615
17100.0000,25.22824628,0.58058100,25.33811615
17150.0000,25.02624628,0.58058100,25.13611615
17200.0000,25.02624628,0.58058100,25.13611615
17250.0000,25.02590628,0.60058100,25.13611615
17300.0000,25.22790628,0.60058100,25.33811615
17350.0000,25.02590628,0.60058100,25.13611615
17400.0000,25.22824628,0.58058100,25.33811615
17450.0000,25.02624628,0.58058100,25.13611615
17500.0000,25.22756628,0.62058100,25.33811615
17550.0000,24.62190628,0.60058100,24.73211615
17600.0000,25.02624628,0.58058100,25.13611615
17650.0000,25.02590628,0.60058100,25.13611615
17700.0000,25.02556628,0.62058100,25.13611615
17750.0000,24.82390628,0.60058100,24.93411615
17800.0000,25.02590628,0.60058100,25.13611615
17850.0000,25.22790628,0.60058100,25.33811615
17900.0000,24.82424628,0.58058100,24.93411615
17950.0000,24.82356628,0.62058100,24.93411615
18000.0000,25.22790628,0.60058100,25.33811615
18050.0000,24.82390628,0.60058100,24.93411615
18100.0000,25.02624628,0.58058100,25.13611615
18150.0000,25.02624628,0.58058100,25.13611615
18200.0000,25.02590628,0.60058100,25.13611615
18250.0000,25.02590628,0.60058100,25.13611615
18300.0000,25.02590628,0.60058100,25.13611615
18350.0000,24.62190628,0.60058100,24.73211615
18400.0000,24.82424628,0.58058100,24.93411615
18450.0000,24.82390628,0.60058100,24.93411615
18500.0000,25.02624628,0.58058100,25.13611615
18550.0000,24.82424628,0.58058100,24.93411615
18600.0000,25.02556628,0.62058100,25.13611615
18650.0000,25.02624628,0.58058100,25.13611615
18700.0000,25.02590628,0.60058100,25.13611615
18750.0000,25.22756628,0.62058100,25.33811615
18800.0000,25.02624628,0.58058100,25.13611615
18850.0000,25.02624628,0.58058100,25.13611615
18900.0000,25.02590628,0.60058100,25.13611615
18950.0000,25.02658628,0.56058100,25.13611615
19000.0000,25.02590628,0.60058100,25.13611615
19050.0000,25.02590628,0.60058100,25.13611615
19100.0000,25.02624628,0.58058100,25.13611615
19150.0000,25.02624628,0.58058100,25.13611615
19200.0000,25.02624628,0.58058100,25.13611615
19250.0000,25.02624628,0.58058100,25.13611615
19300.0000,25.02624628,0.58058100,25.13611615
19350.0000,25.02590628,0.60058100,25.13611615
19400.0000,25.43058628,0.56058100,25.54011615
19450.0000,25.02624628,0.58058100,25.13611615
19500.0000,25.02624628,0.58058100,25.13611615
19550.0000,25.22790628,0.60058100,25.33811615
19600.0000,24.82458628,0.56058100,24.93411615
19650.0000,24.82356628,0.62058100,24.93411615
19700.0000,25.22756628,0.62058100,25.33811615
19750.0000,25.02624628,0.58058100,25.13611615
19800.0000,24.82424628,0.58058100,24.93411615
19850.0000,24.82424628,0.58058100,24.93411615
19900.0000,24.82424628,0.58058100,24.93411615
19950.0000,25.02624628,0.58058100,25.13611615
20000.0000,24.62258628,0.56058100,24.73211615
20050.0000,25.22824628,0.58058100,25.33811615
20100.0000,25.02624628,0.58058100,25.13611615
20150.0000,24.82424628,0.58058100,24.93411615
20200.0000,25.02658628,0.56058100,25.13611615
20250.0000,24.82458628,0.56058100,24.93411615
20300.0000,24.82424628,0.58058100,24.93411615
20350.0000,25.02590628,0.60058100,25.13611615
20400.0000,25.02624628,0.58058100,25.13611615
20450.0000,25.22790628,0.60058100,25.33811615
20500.0000,24.82424628,0.58058100,24.93411615
20550.0000,24.82458628,0.56058100,24.93411615
20600.0000,25.02624628,0.58058100,25.13611615
20650.0000,24.82424628,0.58058100,24.93411615
20700.0000,24.82424628,0.58058100,24.93411615
20750.0000,25.22824628,0.58058100,25.33811615
20800.0000,25.02624628,0.58058100,25.13611615
20850.0000,25.22824628,0.58058100,25.33811615
20900.0000,25.02658628,0.56058100,25.13611615
20950.0000,24.82458628,0.56058100,24.93411615
21000.0000,25.02624628,0.58058100,25.13611615
21050.0000,25.22824628,0.58058100,25.33811615
21100.0000,25.02624628,0.58058100,25.13611615
21150.0000,25.02658628,0.56058100,25.13611615
21200.0000,25.02658628,0.56058100,25.13611615
21250.0000,24.62224628,0.58058100,24.73211615
21300.0000,24.82492628,0.54058100,24.93411615
21350.0000,25.02624628,0.58058100,25.13611615
21400.0000,24.82492628,0.54058100,24.93411615
21450.0000,25.02658628,0.56058100,25.13611615
21500.0000,24.82492628,0.54058100,24.93411615
21550.0000,24.82458628,0.56058100,24.93411615
21600.0000,25.22926628,0.52058100,25.33811615
21650.0000,25.02658628,0.56058100,25.13611615
21700.0000,25.22892628,0.54058100,25.33811615
21750.0000,24.82458628,0.56058100,24.93411615
21800.0000,25.02692628,0.54058100,25.13611615
21850.0000,24.82458628,0.56058100,24.93411615
21900.0000,25.22926628,0.52058100,25.33811615
21950.0000,24.82424628,0.58058100,24.93411615
22000.0000,25.02760628,0.50058100,25.13611615
22050.0000,24.82492628,0.54058100,24.93411615
22100.0000,25.02692628,0.54058100,25.13611615
22150.0000,24.82492628,0.54058100,24.93411615
22200.0000,25.02692628,0.54058100,25.13611615
22250.0000,24.82492628,0.54058100,24.93411615
22300.0000,24.82560628,0.50058100,24.93411615
22350.0000,24.82526628,0.52058100,24.93411615
22400.0000,25.02692628,0.54058100,25.13611615
22450.0000,25.02726628,0.52058100,25.13611615
22500.0000,25.22960628,0.50058100,25.33811615
22550.0000,25.02658628,0.56058100,25.13611615
22600.0000,25.02760628,0.50058100,25.13611615
22650.0000,25.02692628,0.54058100,25.13611615
22700.0000,24.82560628,0.50058100,24.93411615
22750.0000,24.82526628,0.52058100,24.93411615
22800.0000,24.82526628,0.52058100,24.93411615
22850.0000,25.02692628,0.54058100,25.13611615
22900.0000,25.02760628,0.50058100,25.13611615
22950.0000,25.02760628,0.50058100,25.13611615
23000.0000,24.82526628,0.52058100,24.93411615
23050.0000,24.82560628,0.50058100,24.93411615
23100.0000,24.82492628,0.54058100,24.93411615
23150.0000,24.82560628,0.50058100,24.93411615
23200.0000,24.82526628,0.52058100,24.93411615
23250.0000,25.02828628,0.46058100,25.13611615
23300.0000,25.02760628,0.50058100,25.13611615
23350.0000,24.82560628,0.50058100,24.93411615
23400.0000,24.82560628,0.50058100,24.93411615
23450.0000,24.62360628,0.50058100,24.73211615
23500.0000,24.82594628,0.48058100,24.93411615
23550.0000,25.22994628,0.48058100,25.33811615
23600.0000,24.62394628,0.48058100,24.73211615
23650.0000,25.02760628,0.50058100,25.13611615
23700.0000,25.02726628,0.52058100,25.13611615
23750.0000,24.82560628,0.50058100,24.93411615
23800.0000,25.02794628,0.48058100,25.13611615
23850.0000,24.82628628,0.46058100,24.93411615
23900.0000,25.02726628,0.52058100,25.13611615
23950.0000,25.02794628,0.48058100,25.13611615
24000.0000,24.82628628,0.46058100,24.93411615
24050.0000,25.02760628,0.50058100,25.13611615
24100.0000,25.02794628,0.48058100,25.13611615
24150.0000,24.82526628,0.52058100,24.93411615
24200.0000,25.02794628,0.48058100,25.13611615
24250.0000,24.82594628,0.48058100,24.93411615
24300.0000,25.02862628,0.44058100,25.13611615
24350.0000,24.82628628,0.46058100,24.93411615
24400.0000,24.62394628,0.48058100,24.73211615
24450.0000,24.62360628,0.50058100,24.73211615
24500.0000,24.82662628,0.44058100,24.93411615
24550.0000,24.62428628,0.46058100,24.73211615
24600.0000,25.02828628,0.46058100,25.13611615
24650.0000,24.82594628,0.48058100,24.93411615
24700.0000,24.62462628,0.44058100,24.73211615
24750.0000,24.62428628,0.46058100,24.73211615
24800.0000,25.02828628,0.46058100,25.13611615
24850.0000,24.82662628,0.44058100,24.93411615
24900.0000,24.62462628,0.44058100,24.73211615
24950.0000,24.82696628,0.42058100,24.93411615
25000.0000,24.82662628,0.44058100,24.93411615
25050.0000,24.82662628,0.44058100,24.93411615
25100.0000,24.62462628,0.44058100,24.73211615
25150.0000,24.82662628,0.44058100,24.93411615
25200.0000,24.62462628,0.44058100,24.73211615
25250.0000,24.62394628,0.48058100,24.73211615
25300.0000,24.82662628,0.44058100,24.93411615
25350.0000,24.82696628,0.42058100,24.93411615
25400.0000,24.62462628,0.44058100,24.73211615
25450.0000,24.82730628,0.40058100,24.93411615
25500.0000,24.82662628,0.44058100,24.93411615
25550.0000,24.62462628,0.44058100,24.73211615
25600.0000,24.82628628,0.46058100,24.93411615
25650.0000,24.62462628,0.44058100,24.73211615
25700.0000,24.82662628,0.44058100,24.93411615
25750.0000,24.82662628,0.44058100,24.93411615
25800.0000,24.82662628,0.44058100,24.93411615
25850.0000,24.82696628,0.42058100,24.93411615
25900.0000,24.62530628,0.40058100,24.73211615
25950.0000,24.62496628,0.42058100,24.73211615
26000.0000,24.62496628,0.42058100,24.73211615
26050.0000,24.62598628,0.36058100,24.73211615
26100.0000,24.82730628,0.40058100,24.93411615
26150.0000,24.82730628,0.40058100,24.93411615
26200.0000,25.02930628,0.40058100,25.13611615
26250.0000,24.42330628,0.40058100,24.53011615
26300.0000,24.62530628,0.40058100,24.73211615
26350.0000,24.62496628,0.42058100,24.73211615
26400.0000,24.62564628,0.38058100,24.73211615
26450.0000,24.62530628,0.40058100,24.73211615
26500.0000,24.82730628,0.40058100,24.93411615
26550.0000,25.02930628,0.40058100,25.13611615
26600.0000,24.82730628,0.40058100,24.93411615
26650.0000,24.62530628,0.40058100,24.73211615
26700.0000,24.62530628,0.40058100,24.73211615
26750.0000,24.62496628,0.42058100,24.73211615
26800.0000,24.62598628,0.36058100,24.73211615
26850.0000,24.82730628,0.40058100,24.93411615
26900.0000,24.82798628,0.36058100,24.93411615
26950.0000,24.82730628,0.40058100,24.93411615
27000.0000,24.62564628,0.38058100,24.73211615
27050.0000,24.62564628,0.38058100,24.73211615
27100.0000,24.82764628,0.38058100,24.93411615
27150.0000,24.82730628,0.40058100,24.93411615
27200.0000,24.62598628,0.36058100,24.73211615
27250.0000,24.62564628,0.38058100,24.73211615
27300.0000,24.82798628,0.36058100,24.93411615
27350.0000,24.62564628,0.38058100,24.73211615
27400.0000,24.62530628,0.40058100,24.73211615
27450.0000,24.62666628,0.32058100,24.73211615
27500.0000,24.62598628,0.36058100,24.73211615
27550.0000,24.62598628,0.36058100,24.73211615
27600.0000,24.62598628,0.36058100,24.73211615
27650.0000,24.82798628,0.36058100,24.93411615
27700.0000,24.62564628,0.38058100,24.73211615
27750.0000,24.62598628,0.36058100,24.73211615
27800.0000,24.82798628,0.36058100,24.93411615
27850.0000,24.62632628,0.34058100,24.73211615
27900.0000,24.62632628,0.34058100,24.73211615
27950.0000,24.82798628,0.36058100,24.93411615
28000.0000,24.62666628,0.32058100,24.73211615
28050.0000,24.62598628,0.36058100,24.73211615
28100.0000,24.62666628,0.32058100,24.73211615
28150.0000,24.42398628,0.36058100,24.53011615
28200.0000,24.62666628,0.32058100,24.73211615
28250.0000,24.42466628,0.32058100,24.53011615
28300.0000,24.82900628,0.30058100,24.93411615
28350.0000,24.42398628,0.36058100,24.53011615
28400.0000,24.62632628,0.34058100,24.73211615
28450.0000,24.62666628,0.32058100,24.73211615
28500.0000,24.62666628,0.32058100,24.73211615
28550.0000,24.62632628,0.34058100,24.73211615
28600.0000,24.42432628,0.34058100,24.53011615
28650.0000,24.42466628,0.32058100,24.53011615
28700.0000,24.62700628,0.30058100,24.73211615
28750.0000,24.42466628,0.32058100,24.53011615
28800.0000,24.42500628,0.30058100,24.53011615
28850.0000,24.42466628,0.32058100,24.53011615
28900.0000,24.62700628,0.30058100,24.73211615
28950.0000,24.42500628,0.30058100,24.53011615
29000.0000,24.22300628,0.30058100,24.32811615
29050.0000,24.62700628,0.30058100,24.73211615
29100.0000,24.42500628,0.30058100,24.53011615
29150.0000,24.62700628,0.30058100,24.73211615
29200.0000,24.62700628,0.30058100,24.73211615
29250.0000,24.42432628,0.34058100,24.53011615
29300.0000,24.62700628,0.30058100,24.73211615
29350.0000,24.62700628,0.30058100,24.73211615
29400.0000,24.42534628,0.28058100,24.53011615
29450.0000,24.42500628,0.30058100,24.53011615
29500.0000,24.62666628,0.32058100,24.73211615
29550.0000,24.42534628,0.28058100,24.53011615
29600.0000,24.42500628,0.30058100,24.53011615
29650.0000,24.62700628,0.30058100,24.73211615
29700.0000,24.62734628,0.28058100,24.73211615
29750.0000,24.62768628,0.26058100,24.73211615
29800.0000,24.62768628,0.26058100,24.73211615
29850.0000,24.83002628,0.24058100,24.93411615
29900.0000,24.62768628,0.26058100,24.73211615
29950.0000,24.42568628,0.26058100,24.53011615
30000.0000,24.62768628,0.26058100,24.73211615
30050.0000,24.62734628,0.28058100,24.73211615
30100.0000,24.62700628,0.30058100,24.73211615
30150.0000,24.42568628,0.26058100,24.53011615
30200.0000,24.42534628,0.28058100,24.53011615
30250.0000,24.42534628,0.28058100,24.53011615
30300.0000,24.62802628,0.24058100,24.73211615
30350.0000,24.42568628,0.26058100,24.53011615
30400.0000,24.42568628,0.26058100,24.53011615
30450.0000,24.42534628,0.28058100,24.53011615
30500.0000,24.22368628,0.26058100,24.32811615
30550.0000,24.22402628,0.24058100,24.32811615
30600.0000,24.42602628,0.24058100,24.53011615
30650.0000,24.62802628,0.24058100,24.73211615
30700.0000,24.62802628,0.24058100,24.73211615
30750.0000,24.62768628,0.26058100,24.73211615
30800.0000,24.22368628,0.26058100,24.32811615
30850.0000,24.42602628,0.24058100,24.53011615
30900.0000,24.42636628,0.22058100,24.53011615
30950.0000,24.62768628,0.26058100,24.73211615
31000.0000,24.62768628,0.26058100,24.73211615
31050.0000,24.42602628,0.24058100,24.53011615
31100.0000,24.22402628,0.24058100,24.32811615
31150.0000,24.62768628,0.26058100,24.73211615
31200.0000,24.62836628,0.22058100,24.73211615
31250.0000,24.42670628,0.20058100,24.53011615
31300.0000,24.42636628,0.22058100,24.53011615
31350.0000,24.02202628,0.24058100,24.12611615
31400.0000,24.42602628,0.24058100,24.53011615
31450.0000,24.42602628,0.24058100,24.53011615
31500.0000,24.42636628,0.22058100,24.53011615
31550.0000,24.42636628,0.22058100,24.53011615
31600.0000,24.42636628,0.22058100,24.53011615
31650.0000,24.42636628,0.22058100,24.53011615
31700.0000,24.22436628,0.22058100,24.32811615
31750.0000,24.22402628,0.24058100,24.32811615
31800.0000,24.22470628,0.20058100,24.32811615
31850.0000,24.42670628,0.20058100,24.53011615
31900.0000,24.42670628,0.20058100,24.53011615
31950.0000,24.42670628,0.20058100,24.53011615
32000.0000,24.42636628,0.22058100,24.53011615
32050.0000,24.02202628,0.24058100,24.12611615
32100.0000,24.22470628,0.20058100,24.32811615
32150.0000,24.42704628,0.18058100,24.53011615
32200.0000,24.62836628,0.22058100,24.73211615
32250.0000,24.22436628,0.22058100,24.32811615
32300.0000,24.42636628,0.22058100,24.53011615
32350.0000,24.42670628,0.20058100,24.53011615
32400.0000,24.42636628,0.22058100,24.53011615
32450.0000,24.22402628,0.24058100,24.32811615
32500.0000,24.22504628,0.18058100,24.32811615
32550.0000,24.22470628,0.20058100,24.32811615
32600.0000,24.42670628,0.20058100,24.53011615
32650.0000,24.42704628,0.18058100,24.53011615
32700.0000,24.62904628,0.18058100,24.73211615
32750.0000,24.02270628,0.20058100,24.12611615
32800.0000,24.22504628,0.18058100,24.32811615
32850.0000,24.62938628,0.16058100,24.73211615
32900.0000,24.62870628,0.20058100,24.73211615
32950.0000,24.62870628,0.20058100,24.73211615
33000.0000,24.22504628,0.18058100,24.32811615
33050.0000,24.02304628,0.18058100,24.12611615
33100.0000,24.22504628,0.18058100,24.32811615
33150.0000,24.02270628,0.20058100,24.12611615
33200.0000,24.22470628,0.20058100,24.32811615
33250.0000,24.22504628,0.18058100,24.32811615
33300.0000,24.42772628,0.14058100,24.53011615
33350.0000,24.22538628,0.16058100,24.32811615
33400.0000,24.42738628,0.16058100,24.53011615
33450.0000,24.22504628,0.18058100,24.32811615
33500.0000,24.42738628,0.16058100,24.53011615
33550.0000,24.42704628,0.18058100,24.53011615
33600.0000,24.22504628,0.18058100,24.32811615
33650.0000,24.42704628,0.18058100,24.53011615
33700.0000,24.42738628,0.16058100,24.53011615
33750.0000,24.22538628,0.16058100,24.32811615
33800.0000,24.22504628,0.18058100,24.32811615
33850.0000,24.42738628,0.16058100,24.53011615
33900.0000,24.42772628,0.14058100,24.53011615
33950.0000,24.42704628,0.18058100,24.53011615
34000.0000,24.42772628,0.14058100,24.53011615
34050.0000,24.42738628,0.16058100,24.53011615
34100.0000,24.22538628,0.16058100,24.32811615
34150.0000,23.82172628,0.14058100,23.92411615
34200.0000,24.62904628,0.18058100,24.73211615
34250.0000,24.42704628,0.18058100,24.53011615
34300.0000,24.22572628,0.14058100,24.32811615
34350.0000,24.02338628,0.16058100,24.12611615
34400.0000,24.42772628,0.14058100,24.53011615
34450.0000,24.42806628,0.12058100,24.53011615
34500.0000,24.22538628,0.16058100,24.32811615
34550.0000,24.22538628,0.16058100,24.32811615
34600.0000,24.02406628,0.12058100,24.12611615
34650.0000,23.82104628,0.18058100,23.92411615
34700.0000,24.22572628,0.14058100,24.32811615
34750.0000,24.02406628,0.12058100,24.12611615
34800.0000,24.22606628,0.12058100,24.32811615
34850.0000,23.82138628,0.16058100,23.92411615
34900.0000,23.82172628,0.14058100,23.92411615
34950.0000,23.61972628,0.14058100,23.72211615
35000.0000,23.21504628,0.18058100,23.31811615
35050.0000,23.01406628,0.12058100,23.11611615
35100.0000,22.60938628,0.16058100,22.71211615
35150.0000,22.40738628,0.16058100,22.51011615
35200.0000,22.20572628,0.14058100,22.30811615
35250.0000,21.39772628,0.14058100,21.50011615
35300.0000,21.39772628,0.14058100,21.50011615
35350.0000,20.79172628,0.14058100,20.89411615
35400.0000,20.59006628,0.12058100,20.69211615
35450.0000,20.58972628,0.14058100,20.69211615
35500.0000,19.78138628,0.16058100,19.88411615
35550.0000,19.98406628,0.12058100,20.08611615
35600.0000,19.57972628,0.14058100,19.68211615
35650.0000,18.97372628,0.14058100,19.07611615
35700.0000,18.97406628,0.12058100,19.07611615
35750.0000,18.77206628,0.12058100,18.87411615
35800.0000,18.36738628,0.16058100,18.47011615
35850.0000,18.16538628,0.16058100,18.26811615
35900.0000,17.96338628,0.16058100,18.06611615
35950.0000,17.55938628,0.16058100,17.66211615
36000.0000,17.55972628,0.14058100,17.66211615
36050.0000,17.15572628,0.14058100,17.25811615
36100.0000,16.75172628,0.14058100,16.85411615
36150.0000,16.95372628,0.14058100,17.05611615
36200.0000,16.75172628,0.14058100,16.85411615
36250.0000,16.55040628,0.10058100,16.65211615
36300.0000,16.34772628,0.14058100,16.45011615
36350.0000,16.14538628,0.16058100,16.24811615
36400.0000,16.14572628,0.14058100,16.24811615
36450.0000,15.94372628,0.14058100,16.04611615
36500.0000,15.54006628,0.12058100,15.64211615
36550.0000,15.53938628,0.16058100,15.64211615
36600.0000,15.54006628,0.12058100,15.64211615
36650.0000,15.53938628,0.16058100,15.64211615
36700.0000,15.33772628,0.14058100,15.44011615
36750.0000,15.13572628,0.14058100,15.23811615
36800.0000,14.93406628,0.12058100,15.03611615
36850.0000,14.93372628,0.14058100,15.03611615
36900.0000,14.73206628,0.12058100,14.83411615
36950.0000,14.52972628,0.14058100,14.63211615
37000.0000,14.32704628,0.18058100,14.43011615
37050.0000,14.52972628,0.14058100,14.63211615
37100.0000,14.32806628,0.12058100,14.43011615
37150.0000,14.12572628,0.14058100,14.22811615
37200.0000,14.12572628,0.14058100,14.22811615
37250.0000,14.12538628,0.16058100,14.22811615
37300.0000,13.72172628,0.14058100,13.82411615
37350.0000,13.92338628,0.16058100,14.02611615
37400.0000,13.72172628,0.14058100,13.82411615
37450.0000,13.72172628,0.14058100,13.82411615
37500.0000,13.92372628,0.14058100,14.02611615
37550.0000,13.72206628,0.12058100,13.82411615
37600.0000,13.72172628,0.14058100,13.82411615
37650.0000,13.31806628,0.12058100,13.42011615
37700.0000,13.31772628,0.14058100,13.42011615
37750.0000,13.11538628,0.16058100,13.21811615
37800.0000,13.31806628,0.12058100,13.42011615
37850.0000,13.11572628,0.14058100,13.21811615
37900.0000,13.31806628,0.12058100,13.42011615
37950.0000,12.91440628,0.10058100,13.01611615
38000.0000,13.11538628,0.16058100,13.21811615
38050.0000,12.91406628,0.12058100,13.01611615
38100.0000,12.91440628,0.10058100,13.01611615
38150.0000,12.91372628,0.14058100,13.01611615
38200.0000,12.91338628,0.16058100,13.01611615
38250.0000,12.71138628,0.16058100,12.81411615
38300.0000,12.91372628,0.14058100,13.01611615
38350.0000,12.71206628,0.12058100,12.81411615
38400.0000,12.71206628,0.12058100,12.81411615
38450.0000,12.71172628,0.14058100,12.81411615
38500.0000,12.71138628,0.16058100,12.81411615
38550.0000,12.51006628,0.12058100,12.61211615
38600.0000,12.71172628,0.14058100,12.81411615
38650.0000,12.50938628,0.16058100,12.61211615
38700.0000,12.50938628,0.16058100,12.61211615
38750.0000,12.71172628,0.14058100,12.81411615
38800.0000,12.71172628,0.14058100,12.81411615
38850.0000,12.71172628,0.14058100,12.81411615
38900.0000,12.50972628,0.14058100,12.61211615
38950.0000,12.30806628,0.12058100,12.41011615
39000.0000,12.50972628,0.14058100,12.61211615
39050.0000,12.50972628,0.14058100,12.61211615
39100.0000,12.30772628,0.14058100,12.41011615
39150.0000,12.30738628,0.16058100,12.41011615
39200.0000,12.30806628,0.12058100,12.41011615
39250.0000,12.30806628,0.12058100,12.41011615
39300.0000,12.30806628,0.12058100,12.41011615
39350.0000,12.30772628,0.14058100,12.41011615
39400.0000,12.10606628,0.12058100,12.20811615
39450.0000,12.30806628,0.12058100,12.41011615
39500.0000,11.90338628,0.16058100,12.00611615
39550.0000,12.50972628,0.14058100,12.61211615
39600.0000,12.10572628,0.14058100,12.20811615
39650.0000,12.30772628,0.14058100,12.41011615
39700.0000,12.10572628,0.14058100,12.20811615
39750.0000,11.90406628,0.12058100,12.00611615
39800.0000,12.10606628,0.12058100,12.20811615
39850.0000,12.10572628,0.14058100,12.20811615
39900.0000,12.10572628,0.14058100,12.20811615
39950.0000,12.10538628,0.16058100,12.20811615
40000.0000,12.10572628,0.14058100,12.20811615
40050.0000,11.90372628,0.14058100,12.00611615
40100.0000,11.90406628,0.12058100,12.00611615
40150.0000,11.90338628,0.16058100,12.00611615
40200.0000,12.10572628,0.14058100,12.20811615
40250.0000,12.10606628,0.12058100,12.20811615
40300.0000,12.10572628,0.14058100,12.20811615
40350.0000,11.70172628,0.14058100,11.80411615
40400.0000,11.90338628,0.16058100,12.00611615
40450.0000,11.90372628,0.14058100,12.00611615
40500.0000,11.90372628,0.14058100,12.00611615
40550.0000,11.90372628,0.14058100,12.00611615
40600.0000,11.90372628,0.14058100,12.00611615
40650.0000,11.70138628,0.16058100,11.80411615
40700.0000,12.10572628,0.14058100,12.20811615
40750.0000,11.70138628,0.16058100,11.80411615
40800.0000,11.70172628,0.14058100,11.80411615
40850.0000,11.70172628,0.14058100,11.80411615
40900.0000,11.70206628,0.12058100,11.80411615
40950.0000,11.90372628,0.14058100,12.00611615
41000.0000,11.70172628,0.14058100,11.80411615
41050.0000,11.70240628,0.10058100,11.80411615
41100.0000,11.70172628,0.14058100,11.80411615
41150.0000,11.70206628,0.12058100,11.80411615
41200.0000,11.49972628,0.14058100,11.60211615
41250.0000,11.29806628,0.12058100,11.40011615
41300.0000,11.49972628,0.14058100,11.60211615
41350.0000,11.49972628,0.14058100,11.60211615
41400.0000,11.49972628,0.14058100,11.60211615
41450.0000,11.50040628,0.10058100,11.60211615
41500.0000,11.50006628,0.12058100,11.60211615
41550.0000,11.50040628,0.10058100,11.60211615
41600.0000,11.49972628,0.14058100,11.60211615
41650.0000,11.70172628,0.14058100,11.80411615
41700.0000,11.49938628,0.16058100,11.60211615
41750.0000,11.50006628,0.12058100,11.60211615
41800.0000,11.70138628,0.16058100,11.80411615
41850.0000,11.49972628,0.14058100,11.60211615
41900.0000,11.49938628,0.16058100,11.60211615
41950.0000,11.29806628,0.12058100,11.40011615
42000.0000,11.50006628,0.12058100,11.60211615
42050.0000,11.70172628,0.14058100,11.80411615
42100.0000,11.29806628,0.12058100,11.40011615
42150.0000,11.29806628,0.12058100,11.40011615
42200.0000,11.50006628,0.12058100,11.60211615
42250.0000,11.49972628,0.14058100,11.60211615
42300.0000,11.29772628,0.14058100,11.40011615
42350.0000,11.29738628,0.16058100,11.40011615
42400.0000,11.50006628,0.12058100,11.60211615
42450.0000,11.49972628,0.14058100,11.60211615
42500.0000,11.29806628,0.12058100,11.40011615
42550.0000,11.29806628,0.12058100,11.40011615
42600.0000,11.29772628,0.14058100,11.40011615
42650.0000,11.09572628,0.14058100,11.19811615
42700.0000,11.29806628,0.12058100,11.40011615
42750.0000,11.29806628,0.12058100,11.40011615
42800.0000,11.29840628,0.10058100,11.40011615
42850.0000,11.09640628,0.10058100,11.19811615
42900.0000,11.29772628,0.14058100,11.40011615
42950.0000,11.29806628,0.12058100,11.40011615
43000.0000,11.29772628,0.14058100,11.40011615
43050.0000,11.29806628,0.12058100,11.40011615
43100.0000,11.09606628,0.12058100,11.19811615
43150.0000,11.29840628,0.10058100,11.40011615
43200.0000,10.89406628,0.12058100,10.99611615
43250.0000,11.29806628,0.12058100,11.40011615
43300.0000,11.09606628,0.12058100,11.19811615
43350.0000,11.29772628,0.14058100,11.40011615
43400.0000,11.09606628,0.12058100,11.19811615
43450.0000,11.09640628,0.10058100,11.19811615
43500.0000,10.89440628,0.10058100,10.99611615
43550.0000,11.09538628,0.16058100,11.19811615
43600.0000,11.09606628,0.12058100,11.19811615
43650.0000,11.09640628,0.10058100,11.19811615
43700.0000,11.29772628,0.14058100,11.40011615
43750.0000,11.29806628,0.12058100,11.40011615
43800.0000,11.09640628,0.10058100,11.19811615
43850.0000,10.89406628,0.12058100,10.99611615
43900.0000,11.09572628,0.14058100,11.19811615
43950.0000,11.09606628,0.12058100,11.19811615
44000.0000,11.09606628,0.12058100,11.19811615
44050.0000,11.09640628,0.10058100,11.19811615
44100.0000,11.09606628,0.12058100,11.19811615
44150.0000,10.89372628,0.14058100,10.99611615
44200.0000,10.89372628,0.14058100,10.99611615
44250.0000,10.89372628,0.14058100,10.99611615
44300.0000,10.69206628,0.12058100,10.79411615
44350.0000,10.69206628,0.12058100,10.79411615
44400.0000,10.89406628,0.12058100,10.99611615
44450.0000,10.89338628,0.16058100,10.99611615
44500.0000,10.89406628,0.12058100,10.99611615
44550.0000,10.89372628,0.14058100,10.99611615
44600.0000,10.89372628,0.14058100,10.99611615
44650.0000,11.09606628,0.12058100,11.19811615
44700.0000,10.89406628,0.12058100,10.99611615
44750.0000,10.89338628,0.16058100,10.99611615
44800.0000,10.89406628,0.12058100,10.99611615
44850.0000,10.69274628,0.08058100,10.79411615
44900.0000,11.09572628,0.14058100,11.19811615
44950.0000,10.69172628,0.14058100,10.79411615
45000.0000,10.89406628,0.12058100,10.99611615
45050.0000,10.89372628,0.14058100,10.99611615
45100.0000,10.89440628,0.10058100,10.99611615
45150.0000,10.49006628,0.12058100,10.59211615
45200.0000,10.49006628,0.12058100,10.59211615
45250.0000,10.48972628,0.14058100,10.59211615
45300.0000,10.89372628,0.14058100,10.99611615
45350.0000,10.49006628,0.12058100,10.59211615
45400.0000,10.48972628,0.14058100,10.59211615
45450.0000,10.89372628,0.14058100,10.99611615
45500.0000,10.69240628,0.10058100,10.79411615
45550.0000,10.89440628,0.10058100,10.99611615
45600.0000,10.49040628,0.10058100,10.59211615
45650.0000,10.89406628,0.12058100,10.99611615
45700.0000,10.69206628,0.12058100,10.79411615
45750.0000,10.48972628,0.14058100,10.59211615
45800.0000,10.69172628,0.14058100,10.79411615
45850.0000,10.49006628,0.12058100,10.59211615
45900.0000,10.69240628,0.10058100,10.79411615
45950.0000,10.49040628,0.10058100,10.59211615
46000.0000,10.69206628,0.12058100,10.79411615
46050.0000,10.49006628,0.12058100,10.59211615
46100.0000,10.49040628,0.10058100,10.59211615
46150.0000,10.89372628,0.14058100,10.99611615
46200.0000,10.49006628,0.12058100,10.59211615
46250.0000,10.49040628,0.10058100,10.59211615
46300.0000,10.69240628,0.10058100,10.79411615
46350.0000,10.48972628,0.14058100,10.59211615
46400.0000,10.89406628,0.12058100,10.99611615
46450.0000,10.48972628,0.14058100,10.59211615
46500.0000,10.49006628,0.12058100,10.59211615
46550.0000,10.69172628,0.14058100,10.79411615
46600.0000,10.49040628,0.10058100,10.59211615
46650.0000,10.48972628,0.14058100,10.59211615
46700.0000,10.28840628,0.10058100,10.39011615
46750.0000,10.28806628,0.12058100,10.39011615
46800.0000,10.69240628,0.10058100,10.79411615
46850.0000,10.49006628,0.12058100,10.59211615
46900.0000,10.49040628,0.10058100,10.59211615
46950.0000,10.49006628,0.12058100,10.59211615
47000.0000,10.48972628,0.14058100,10.59211615
47050.0000,10.48972628,0.14058100,10.59211615
47100.0000,10.48972628,0.14058100,10.59211615
47150.0000,10.69206628,0.12058100,10.79411615
47200.0000,10.28772628,0.14058100,10.39011615
47250.0000,10.69172628,0.14058100,10.79411615
47300.0000,10.49006628,0.12058100,10.59211615
47350.0000,10.48972628,0.14058100,10.59211615
47400.0000,10.28772628,0.14058100,10.39011615
47450.0000,10.08572628,0.14058100,10.18811615
47500.0000,10.28806628,0.12058100,10.39011615
47550.0000,10.28806628,0.12058100,10.39011615
47600.0000,10.08606628,0.12058100,10.18811615
47650.0000,10.28806628,0.12058100,10.39011615
47700.0000,10.08606628,0.12058100,10.18811615
47750.0000,10.28772628,0.14058100,10.39011615
47800.0000,10.49040628,0.10058100,10.59211615
47850.0000,10.08572628,0.14058100,10.18811615
47900.0000,10.08606628,0.12058100,10.18811615
47950.0000,10.28806628,0.12058100,10.39011615
48000.0000,10.08640628,0.10058100,10.18811615
48050.0000,10.28840628,0.10058100,10.39011615
48100.0000,9.88406628,0.12058100,9.98611615
48150.0000,10.08606628,0.12058100,10.18811615
48200.0000,10.28806628,0.12058100,10.39011615
48250.0000,10.08606628,0.12058100,10.18811615
48300.0000,10.08572628,0.14058100,10.18811615
48350.0000,10.28772628,0.14058100,10.39011615
48400.0000,10.08640628,0.10058100,10.18811615
48450.0000,10.08606628,0.12058100,10.18811615
48500.0000,10.08640628,0.10058100,10.18811615
48550.0000,10.08606628,0.12058100,10.18811615
48600.0000,10.28806628,0.12058100,10.39011615
48650.0000,9.68206628,0.12058100,9.78411615
48700.0000,9.88406628,0.12058100,9.98611615
48750.0000,10.08606628,0.12058100,10.18811615
48800.0000,9.88338628,0.16058100,9.98611615
48850.0000,10.08606628,0.12058100,10.18811615
48900.0000,10.08640628,0.10058100,10.18811615
48950.0000,10.08606628,0.12058100,10.18811615
49000.0000,10.08606628,0.12058100,10.18811615
49050.0000,10.28806628,0.12058100,10.39011615
49100.0000,9.88440628,0.10058100,9.98611615
49150.0000,9.88406628,0.12058100,9.98611615
49200.0000,10.08606628,0.12058100,10.18811615
49250.0000,9.88372628,0.14058100,9.98611615
49300.0000,10.08606628,0.12058100,10.18811615
49350.0000,9.88338628,0.16058100,9.98611615
49400.0000,9.88406628,0.12058100,9.98611615
49450.0000,10.08572628,0.14058100,10.18811615
49500.0000,9.88406628,0.12058100,9.98611615
49550.0000,10.08572628,0.14058100,10.18811615
49600.0000,9.88406628,0.12058100,9.98611615
49650.0000,9.68206628,0.12058100,9.78411615
49700.0000,9.68206628,0.12058100,9.78411615
49750.0000,9.68206628,0.12058100,9.78411615
49800.0000,9.88474628,0.08058100,9.98611615
49850.0000,9.88372628,0.14058100,9.98611615
49900.0000,9.68206628,0.12058100,9.78411615
49950.0000,9.88372628,0.14058100,9.98611615
